Sample_ID,Attack_Success,Original_Label,Clean_Prediction,Adv_Prediction,Clean_Input_Trace,Clean_Input_Trace_StdErr,Adv_Input_Trace,Adv_Input_Trace_StdErr,Clean_Param_Trace,Adv_Param_Trace,Clean_Grad_Norm,Adv_Grad_Norm
0,True,91,91,282,1.2084190621972084,0.507333593565336,0.011637340066954494,0.005599128509375241,87.72187461853028,-15299.30986328125,0.000418596260715276,5980.82177734375
1,True,218,218,219,14.95882306098938,1.9021533566832105,2.479206622751917e-06,1.5377391683398812e-06,4534.39453125,-9888.99326171875,0.8779904246330261,1534.5548095703125
2,True,19,19,356,0.9657607778906823,0.23679559282045562,0.2993461027741432,0.07210944963370591,62.129503059387204,-9659.9046875,0.00024143725750036538,8999.9716796875
3,True,808,808,921,14.94856629371643,2.063581588623177,0.0018053537001833319,0.0009006956957559894,1567.2853515625,-13189.7822265625,0.5081640481948853,1891.1796875
4,True,416,416,459,46.30933394432068,10.631676277892689,1.176985325082705e-15,2.1599619531259526e-15,411.8882034301758,-14432.08681640625,4.108700752258301,7169.4775390625
5,True,89,89,700,0.09193365387618542,0.020016866054405336,-4.12428689742228e-05,0.00021628826488827345,21.36268243789673,-3992.10361328125,5.41108647666988e-06,6811.9599609375
6,True,793,793,433,1.2542541705071926,0.41160942983944687,-2.13727827796939e-10,1.7505952098683845e-09,216.7687240600586,-9380.923828125,0.0014695338904857635,1666.6376953125
7,True,505,505,849,262.3063917160034,80.3138143366431,0.11921070853422862,0.053251439466437074,10925.98779296875,-20980.1533203125,46.80694580078125,1904.990234375
8,True,332,332,237,845.4045867919922,182.59605919429822,-0.00014744889249413974,0.00033116067545155276,35659.2091796875,-43208.49375,290.42840576171875,25269.61328125
9,True,986,986,94,29.40444598197937,8.284461971580157,-5.674341212018058e-13,7.147042556759868e-13,929.7040771484375,-16605.731640625,0.14722123742103577,18482.775390625
10,True,867,867,576,102.92762489318848,12.50877375842152,-1.4930917664372443e-20,2.3919736174689754e-20,7279.88876953125,-28587.546875,6.319425582885742,4826.1416015625
11,True,116,116,700,71.13484630584716,15.500693533901314,0.003662952728336677,0.0011217786356260311,16492.9095703125,1450.7208984375,14.385589599609375,3481.42431640625
12,True,642,642,700,324.906014251709,46.156250731992955,0.00217044463934144,0.0011021167274931857,11821.90556640625,16407.5255859375,103.83576965332031,10619.4345703125
13,True,327,327,61,2.5917586505413057,0.7526044828669607,-2.0783666077051066e-08,1.3052647203707271e-08,395.02523040771484,-17371.979296875,0.0029219863936305046,5801.2001953125
14,True,995,995,700,0.04836998041719198,0.009990922322869696,0.0006480093987192958,0.00019682496210197425,7.605047988891601,5153.803125,3.3431897463742644e-06,4862.1220703125
15,True,87,87,381,0.145675253495574,0.041630965731019993,-8.544893454268121e-10,6.884282279709992e-10,21.317507839202882,40856.67763671875,1.5999125025700778e-05,12148.140625
16,True,965,965,988,14.445141530036926,5.419883872291587,-3.1465098712281396e-17,1.8553735149898388e-17,544.0647277832031,14101.48466796875,0.052139122039079666,6541.12939453125
17,True,267,267,221,108.52814855575562,49.83115935647404,2.510841940051023e-06,1.4228213128036566e-06,23539.08125,8052.6166015625,66.0641098022461,2138.41796875
18,True,989,989,957,81.20150129795074,28.3601736507235,5.225058927194048e-12,1.9425297958878145e-11,11010.483447265626,29617.2587890625,16.424970626831055,2772.95458984375
19,True,905,905,765,312.8834396362305,74.92333973315267,3.89148335409005e-14,4.840987721618127e-13,17240.6369140625,42954.6294921875,43.271514892578125,2269.26220703125
20,True,124,124,406,7.996126413345337,1.4053325337242326,-8.392035510951246e-07,3.841481640813929e-06,4816.7611328125,2944.5408203125,0.38546520471572876,1149.7218017578125
21,True,541,541,928,7.596784633398056,1.896995484392426,2.182943017035723,0.5845919313260047,357.358349609375,-19298.75390625,0.2855253219604492,5476.9404296875
22,True,661,661,485,0.139255253598094,0.02605613981864632,-2.631698157529172e-06,1.862404668888648e-06,11.137921333312988,9540.915234375,6.752018180122832e-06,3047.8017578125
23,True,112,112,69,251.05845675468444,65.33229868991877,1.6545929825903526e-10,1.5251761644875706e-10,12109.283056640625,-9628.228125,26.192909240722656,4824.9658203125
24,True,531,531,608,73.60153388977051,18.08248221790532,3.1046420392207675e-18,1.4817524032164422e-18,21382.175732421874,17839.9486328125,15.424018859863281,1910.8851318359375
25,True,251,251,496,7.904910850524902,1.8848610646018997,-2.5379498443155526e-14,9.365212914394763e-14,2052.8614990234373,3053.772265625,0.05624690279364586,3893.117431640625
26,True,495,495,700,21.7553111076355,4.660189940211779,0.0007234501425045891,0.0003119116064572384,2308.9701904296876,17487.54609375,0.5289710760116577,9024.642578125
27,True,784,784,420,73.90658550262451,10.981932013623373,-3.869424450186898e-07,2.9062772442654843e-07,14023.61787109375,25106.13671875,11.846920013427734,4109.04150390625
28,True,261,261,355,0.6469063967466354,0.19744200068888582,2.792835652295256e-17,4.419726449831882e-17,98.8471523284912,-58533.8984375,0.0006985402433201671,6035.22802734375
29,True,973,973,2,142.6400234222412,36.62926023079005,2.539573289508934e-10,2.781410367031446e-10,23403.4642578125,12364.33671875,30.995790481567383,3560.572509765625
30,True,725,725,774,444.96714172363284,132.21640234434093,-8.593416691837773e-06,9.101196385184446e-06,10272.495703125,2880.844921875,136.1771240234375,5540.80712890625
31,True,535,535,479,0.06251747463829815,0.038328948314845256,0.0004433872603840427,0.00012111928280264876,9.745665693283081,-3526.598046875,3.0458991204795893e-06,620.54345703125
32,True,70,70,74,1.141254150867462,0.4208752877979612,0.6950898364186286,0.2709324536798182,175.76642608642578,26736.5265625,0.00525481253862381,2106.3564453125
33,True,269,269,276,28.429599380493165,6.247145386566869,-4.0538463754229635e-16,5.722835031767617e-16,5725.58466796875,30434.195703125,2.4762206077575684,2905.702392578125
34,True,558,558,359,1.5655724644660949,0.19427082166443674,1.2972657994134351,0.4351038945177863,83.8458740234375,28262.04228515625,0.001407464500516653,5921.9375
35,True,569,569,864,27.388519954681396,6.847209327418158,8.209583863411085e-11,7.866942237636154e-11,5113.180834960937,-23096.6515625,1.3122689723968506,2100.305419921875
36,True,129,129,144,3.6012573808431627,0.9067846203283694,5.465704175063382e-12,2.423590205743103e-12,299.01801147460935,9761.041796875,0.014436311088502407,3035.829345703125
37,True,766,766,963,3.438399964570999,0.7451892468427196,1.8573256188007954e-16,7.371680503974979e-17,1097.90322265625,11547.2833984375,0.006016700062900782,1608.40087890625
38,True,191,191,186,149.84110412597656,46.59025111612596,0.015460294298827648,0.003612726553074024,17974.01474609375,26325.27109375,54.99971389770508,1571.8743896484375
39,True,553,553,700,15.476939487457276,3.2360873520523183,0.00021960381068311107,0.00012070519082726263,572.0550323486328,-2918.12109375,0.05846196413040161,8816.9599609375
40,True,586,586,864,2.8967966243624685,0.982554578796275,-1.8358489839442882e-09,8.322375898803821e-09,170.88514862060546,-12406.15390625,0.011745171621441841,2012.802978515625
41,True,422,422,491,274.9059326171875,46.42955433788577,1.1879338516661284e-19,5.4091741621347893e-20,23597.68857421875,-2735.5296875,50.095611572265625,4262.0751953125
42,True,334,334,360,10.111346852779388,2.5797778142283594,1.855135144893799e-11,9.062461551379159e-12,2630.5528884887694,-17865.740625,0.11755100637674332,2788.91455078125
43,True,13,13,17,0.6975291162729264,0.10398821168481087,7.51061716292023e-10,2.3470092609432853e-10,50.48885993957519,3670.9197265625,0.000687273102812469,3511.8994140625
44,True,542,542,482,1.109131407737732,0.28340358486903866,7.764438647031784,3.7493640580307726,88.3275499343872,-41716.146875,0.00028938608011230826,7299.673828125
45,True,290,290,201,195.95822830200194,36.32743349838615,0.0006806096345826518,0.00027695388679660417,18015.90625,85439.86796875,56.78879165649414,5286.8828125
46,True,495,495,999,145.76730613708497,20.35254766184747,0.7884676538873464,0.34077406678140687,12692.45966796875,24732.4359375,17.279897689819336,8386.11328125
47,True,664,664,527,39.63119888305664,6.991139961985619,0.0023834330932004377,0.0007819439801741809,2474.098913574219,-3822.558203125,12.654070854187012,1082.1807861328125
48,True,584,584,679,263.592427444458,86.06840025414128,8.761732606110684e-09,4.245067836732182e-09,15020.076708984376,4012.589453125,235.23507690429688,3785.64306640625
49,True,521,521,469,132.6093240737915,37.932024666853685,8.848304287045749e-08,3.8483769315676743e-08,14360.2818359375,-8337.73984375,22.073253631591797,2768.791015625
50,True,593,593,563,0.1642625132575631,0.07100581521827594,6.018918696781839e-10,1.8604554876209637e-07,15.76901912689209,90619.33671875,1.8262888261233456e-05,3387.7470703125
51,True,409,409,787,16.61100525856018,6.387809256983638,8.736691796684681e-08,5.8383633866621955e-08,4482.657641601562,-42242.04194335938,5.874118804931641,2346.97509765625
52,True,692,692,999,1.0972496077418328,0.3250972516246166,0.10351295098662376,0.056193426272367925,59.067265319824216,6423.283984375,0.0005333454464562237,6924.3232421875
53,True,332,332,359,93.5136625289917,19.989191151343725,0.3224292404949665,0.09208374984611185,11104.6873046875,-42662.912109375,4.025457382202148,8052.33984375
54,True,990,990,314,0.03612156037706882,0.007968024730756616,2.530026567683862e-13,1.0841323424422481e-13,2.3077455401420592,82555.4453125,1.9697944253493915e-07,7818.31787109375
55,True,718,718,839,39.99940872192383,11.514450022567353,6.791647755299835e-09,8.342593392281245e-09,10161.359692382812,22890.14931640625,22.851247787475586,1123.7000732421875
56,True,717,717,817,1.5072314649820329,0.47408409749631875,0.001744949484418612,0.000774370196495613,489.902783203125,8893.6927734375,0.045975737273693085,1021.0512084960938
57,True,195,195,179,62.88667440414429,23.232126042125618,0.06662554616341368,0.021396645888341958,6456.866149902344,8497.121875,4.297414779663086,2278.16943359375
58,True,340,340,345,0.7272430896759033,0.11182080262576544,0.012767858798179077,0.00456703784592659,442.8102035522461,17680.0615234375,0.0029456093907356262,2200.016357421875
59,True,627,627,656,0.687309493124485,0.24027746431229552,0.00704781676759012,0.001749557848849303,100.63669281005859,-16325.1423828125,0.0034240924287587404,783.91650390625
60,True,138,138,135,0.013492939760908484,0.002335818340084625,3.0290250796689064e-13,1.572579118502176e-13,2.479074400663376,3256.1828125,3.823634244781715e-07,2553.220947265625
61,True,835,835,464,35.552811241149904,7.426056182949931,-5.215488197568563e-13,4.64302464998928e-12,5559.8087890625,-14269.17744140625,0.8780508041381836,1771.506103515625
62,True,743,743,696,45.57804083824158,12.93718317771226,6.27771284324066e-14,1.2614878096503406e-13,7747.148168945312,16334.9078125,0.6203327178955078,2524.021240234375
63,True,322,322,324,0.7361724466085434,0.26306747614572573,3.0636955049723884e-12,1.951866416111476e-12,88.04731903076171,40122.76416015625,0.0006638704799115658,2281.46240234375
64,True,564,564,700,338.7014099121094,67.89219061579429,14.257058495283127,4.521110901319906,9714.214404296876,6856.9609375,68.50431823730469,9888.158203125
65,True,570,570,801,0.363987941481173,0.21214260340816896,-3.5231986598993627e-13,1.4231310247484367e-12,111.02633247375488,53011.5224609375,0.0005270406836643815,3055.97265625
66,True,905,905,765,136.7875534057617,16.131062803655578,5.481810400337491e-15,2.5453424830503443e-14,10910.49892578125,-4758.4173828125,6.655878067016602,2963.206298828125
67,True,875,875,594,9.463581824302674,1.9401133333718392,0.0,0.0,1167.5531860351562,-16546.6134765625,0.14428448677062988,6303.748046875
68,True,811,811,458,140.0149845123291,41.972751751504326,1.1571721896103935e-14,5.5707124838281405e-15,25813.3333984375,14880.616015625,24.100860595703125,5317.615234375
69,True,943,943,88,96.81081156730652,36.03987119877239,1.7458986929345413e-14,2.750769992714681e-14,6074.707568359375,-27007.994140625,6.898271560668945,6574.80224609375
70,True,83,83,342,26.565347099304198,3.7145466904345743,1.4500846918672323,0.6172840283192306,3281.2490844726562,-708.78037109375,1.4709299802780151,6239.1376953125
71,True,995,995,849,0.13956637177616357,0.03151729698277887,6.781496864505243e-07,2.379045339885423e-07,26.94072570800781,1941.403125,4.9185906391358e-05,1495.3720703125
72,True,226,226,178,12.030077075958252,3.3197897232812883,1.4883725873993114e-08,7.879145046008594e-09,811.1608245849609,-11595.92109375,0.057135313749313354,7313.6923828125
73,True,806,806,731,0.07707213908433914,0.02061512736524448,3.753054402764197e-14,3.6551621295733715e-14,20.30581693649292,7409.351171875,7.027354968158761e-06,1751.3226318359375
74,True,356,356,15,3.3213350057601927,0.7528515621498494,-1.13059528424308e-13,4.523284660600369e-14,433.9102416992188,10545.71953125,0.008938364684581757,6543.931640625
75,True,993,993,116,222.556632232666,58.14511104228849,3.085671193699399e-21,3.817912380049728e-21,61971.3484375,26165.965234375,79.64376068115234,4312.6123046875
76,True,575,575,661,0.0016420910193119197,0.0005029950692897779,1.1554336740854377e-11,4.3973720853218205e-12,0.38132177889347074,-18149.871875,3.475620458104345e-09,1402.2142333984375
77,True,970,970,668,145.17863750457764,29.973535966984134,1.9900537662209672e-08,1.5939105040369837e-08,11751.419140625,29194.50078125,68.66058349609375,7770.04345703125
78,True,568,568,411,105.64398078918457,21.19757142358835,4.2772504565968815e-10,1.068262913750517e-09,5243.4208984375,-10339.885546875,19.438993453979492,3891.12890625
79,True,98,98,292,8.745571446418761,1.5509427834912122,89.92587370872498,37.0886213824022,945.8355834960937,28490.215625,0.051679909229278564,5730.64794921875
80,True,62,62,58,147.93750114440917,30.0163648332242,4.618980406490003e-11,6.990128204163963e-11,50188.066796875,69435.6505859375,53.11232376098633,1412.712646484375
81,True,910,910,455,0.013599607022479176,0.004554974060219302,2.2363156011522783e-14,4.0220054541847056e-14,3.1941557049751284,-26585.25615234375,4.791285164174042e-07,3298.797607421875
82,True,814,814,472,50.36644582748413,17.304405162461283,0.4909473669715226,0.13898014691562569,18311.9267578125,-7752.3943359375,20.837919235229492,1436.598876953125
83,True,988,988,955,35.37424955368042,7.491736324893272,6.3995845851688254e-27,8.795897722063097e-27,6944.676708984375,-56338.23359375,1.785743236541748,4602.3125
84,True,155,155,204,36.191201138496396,9.176186401782752,34.60938258171082,11.402026264650168,2228.693994140625,7976.8046875,5.493513107299805,523.3053588867188
85,True,614,614,789,0.4765498679131269,0.24656327832442412,-3.0107231284437486e-08,4.194763507515874e-08,44.21099452972412,-3280.0677734375,0.00016340288857463747,861.5965576171875
86,True,561,561,743,221.77527923583983,65.94793219327724,4.5925717569172964e-10,1.2665762568344464e-10,22857.848046875,16878.6328125,87.08342742919922,1173.747314453125
87,True,215,215,164,98.8476079940796,30.270270723647123,-7.347446045677387e-12,2.0874411351690486e-11,23681.10859375,-235.7720703125,88.41566467285156,1468.7493896484375
88,True,311,311,191,897.5918518066406,140.4795785676295,-5.4817587758293486e-05,2.5107315931987933e-05,21950.0693359375,-67765.998046875,277.19036865234375,13846.41015625
89,True,326,326,324,28.431091642379762,6.968806925029737,8.371134677370023e-11,3.55643570563038e-11,5581.253662109375,-21841.9583984375,1.555094838142395,1834.508056640625
90,True,55,55,13,209.35218391418456,47.25206412554838,1.7785865350492848e-13,3.2043520512351885e-13,13969.81416015625,-25214.794921875,106.16472625732422,31106.1875
91,True,364,364,334,0.11001770049333573,0.033165408981705814,9.93856975951596e-14,6.559796970239559e-14,6.140212333202362,-4976.323046875,4.57025998912286e-06,4277.10595703125
92,True,575,575,656,31.741197395324708,6.687869643387311,3.904641104668372e-07,2.8687567669879506e-07,15970.655065917968,17818.4349609375,5.102924346923828,1559.292724609375
93,True,671,671,600,78.66609916687011,11.265513371508607,1.9835834708104016e-08,4.984171576956903e-09,7534.61240234375,42496.737890625,8.663559913635254,3467.541259765625
94,True,110,110,115,9.51620702445507,2.4855850308820675,0.0003564685735909734,8.326351508508658e-05,4435.2115234375,25980.183984375,1.4919987916946411,799.44970703125
95,True,798,798,669,0.31630351189523936,0.09195248627987096,1.3555330360785767e-13,2.4657672714550552e-12,14.870915412902832,3028.536328125,6.801671406719834e-05,8557.82421875
96,True,266,266,568,253.6921298980713,72.34050940090515,-1.040516286398258e-23,8.105032303455891e-24,15883.9482421875,-6931.048046875,40.9503288269043,4148.28662109375
97,True,184,184,187,46.24956493377685,15.783240140126198,2.3963880266819615e-06,3.3881829875274676e-05,5116.0333984375,-19015.731640625,5.123260021209717,1402.596435546875
98,True,725,725,872,31.524288177490234,8.588521405218112,0.0003673619885375956,0.00011148096351119292,2681.7124755859377,7779.3759765625,8.75704574584961,1872.390625
99,True,63,63,329,188.73657760620117,42.99457849650353,1.9853657052879407e-17,1.1058296755653825e-17,13339.25927734375,26412.0421875,111.98739624023438,7113.28466796875
100,True,971,971,513,7.15955810546875,3.1082678557825734,0.00222855625252123,0.000574237307585426,1706.9556518554687,19327.0822265625,0.022293968126177788,2327.7880859375
101,True,15,15,151,1.599390709400177,0.5384813981386444,-1.799579513184213e-11,1.0579948193262693e-11,170.1643379211426,-16201.550390625,0.00316100986674428,3473.85791015625
102,True,512,512,413,474.0024612426758,79.36294325592995,4.490295025147498,3.3272471912122734,25853.9953125,24246.599609375,145.74037170410156,3021.902099609375
103,True,106,106,294,4.268125808238983,1.1191743932329878,1.9385630461998816e-10,1.7430959204549045e-10,1150.9263259887696,2542.89296875,0.027895096689462662,4585.99658203125
104,True,223,223,822,215.55442485809326,67.5057546153851,4.259510548906658e-22,6.727912904601503e-22,6788.927160644531,-42972.191015625,20.14593505859375,7621.8525390625
105,True,825,825,85,195.63541717529296,40.78762573521264,-1.6061011223200695e-07,2.481902160424143e-07,19087.7966796875,-35164.770703125,5.878972053527832,5801.7373046875
106,True,641,641,910,0.4538200914859772,0.18139232895587515,0.00013476238850671507,8.122013398222485e-05,92.44782099723815,3120.2048828125,0.00024794612545520067,2748.863525390625
107,True,684,684,773,20.53730778694153,5.7737743685486045,-2.275299559872934e-10,1.6616381560003765e-09,184.2587890625,-1746.266796875,0.029228325933218002,4280.572265625
108,True,102,102,334,13.970001012086868,4.6342140491806925,-3.974285595065297e-10,4.6516335409650596e-10,5607.53203125,1873.6197265625,4.3787994384765625,749.6363525390625
109,True,214,214,191,639.0467315673828,182.91915990307166,0.0006203847391589079,0.0002609467481102973,38646.34765625,40609.255859375,431.4856872558594,7162.46875
110,True,726,726,806,340.21897773742677,126.83529582918713,1.510254090897334e-07,4.690528666714161e-07,11142.91416015625,-30020.3888671875,16.076786041259766,6729.94287109375
111,True,954,954,947,31.870200681686402,8.564915246716664,0.053182832337915896,0.017613606867718873,11242.96513671875,-8504.1640625,4.839666366577148,2072.4453125
112,True,181,181,265,232.5281277656555,100.96360954473047,0.03939022317063064,0.011831950567551174,19626.23154296875,-14136.6205078125,65.02955627441406,3071.838623046875
113,True,622,622,455,10.334223890304566,1.9229198350893597,4.841476455852423e-11,1.1378919568168084e-11,1587.3542114257812,1284.6640625,0.35133764147758484,2068.633056640625
114,True,863,863,695,0.05928507624194026,0.016359940833343495,2.1985490798215322e-05,2.1886832976764676e-05,26.03265037536621,-16074.895703125,3.710636156029068e-05,1632.1785888671875
115,True,665,665,88,30.03803915977478,5.018936060729,-1.1177811546706483e-14,9.276920195376578e-15,4554.1818359375,-47600.2595703125,1.2320319414138794,4654.79345703125
116,True,990,990,989,0.06728169210255146,0.020727587744831372,1.320350773853507e-09,5.62390024078035e-10,10.48415012359619,-20077.5212890625,3.970812940679025e-06,2004.747802734375
117,True,832,832,425,2.684300494194031,0.37906189297010345,2.9692130102277475e-13,4.550621721228545e-13,347.3118194580078,28103.44296875,0.02687051147222519,4211.212890625
118,True,594,594,822,2.123441743850708,0.6567579286589637,-5.410932720187933e-18,2.646861683914342e-18,519.1706909179687,48516.00927734375,0.012456081807613373,2402.193359375
119,True,871,871,484,1.0932415381073952,0.24905565630648274,0.0016969516800600104,0.0007599302146268941,843.4486694335938,19556.984375,0.010434389114379883,453.2200622558594
120,True,223,223,257,17.206108593940733,5.169746684659129,0.003716613983124262,0.0011479559919898524,423.6680480957031,-17762.5,0.15030337870121002,6304.42529296875
121,True,874,874,660,152.43726654052733,31.750403307771773,2.20356667490762e-07,8.310875177913676e-08,19184.310546875,15498.7609375,71.62379455566406,2947.564453125
122,True,213,213,224,1.2423719346523285,0.29754687468965424,6.070116533862802e-07,2.0915630229776147e-07,185.59366912841796,-16442.778125,0.0018810733454301953,4372.87646484375
123,True,315,315,318,19.150982189178468,3.5055149332959483,5.031161376400916e-10,1.203178391191714e-09,1364.469580078125,18714.0234375,0.1473909467458725,13594.3876953125
124,True,417,417,538,80.18326852321624,31.446333520962444,-1.228282040521833e-08,1.3399635519152266e-08,22640.554638671874,8513.289453125,21.50942039489746,1583.9049072265625
125,True,804,804,883,297.8374729156494,72.33333406246533,0.0003757892711291788,0.00011967920329990648,22999.72109375,426.298046875,276.39056396484375,2996.18896484375
126,True,126,126,300,76.04253463745117,16.93868918117093,4.2289543422668885e-08,1.9916753732520928e-08,5452.705224609375,19006.88359375,8.08864974975586,4591.32275390625
127,True,839,839,806,39.49632587432861,7.495319741427989,1.5853158823350589e-15,5.290028414978391e-16,3807.617712402344,27903.2822265625,1.6152820587158203,1767.556396484375
128,True,998,998,722,5.4974932134151455,1.4329272561926267,-3.3441612922856938e-15,3.282474583290413e-14,1897.3796142578126,40674.52578125,2.102382183074951,3254.627685546875
129,True,50,50,741,212.49359817504882,48.685785017243454,2.102959585204673e-14,7.768457046398462e-15,41697.2845703125,9236.58203125,94.25201416015625,2466.687744140625
130,True,990,990,955,148.58539886474608,28.43401228066711,7.03490670883162e-22,1.2578216619084799e-21,28007.47314453125,-15174.3796875,61.745819091796875,2950.47314453125
131,True,988,988,13,301.2228229522705,64.69853015866704,2.5190555587653596e-11,4.5203618087404464e-11,29993.97265625,65995.00390625,268.4541015625,9480.716796875
132,True,771,771,773,464.67421875,77.42655665195342,5.595821899858559e-13,3.193752700159225e-13,24187.65888671875,-7539.43642578125,223.6675567626953,5918.1767578125
133,True,68,68,622,20.56772074699402,5.302269027417676,2.2862259026028286e-11,9.01550678335336e-12,3686.9690185546874,-29962.9140625,5.245677471160889,1565.785888671875
134,True,483,483,363,3.6303796589374544,0.8632560910979966,-2.2794293009611492e-29,4.1811501902701786e-29,369.33042602539064,-6113.870703125,0.002931284485384822,7134.2041015625
135,True,376,376,371,0.5547517016530037,0.14585509764401444,10.06035989522934,4.320210522622574,86.99775466918945,28822.775390625,0.0008090842165984213,938.5357055664062
136,True,862,862,530,1315.9771545410156,381.7601475349216,0.0019925088505260645,0.00029356965318572055,28273.708276367186,1797.401171875,479.0334167480469,20767.001953125
137,True,895,895,563,66.40095386505126,7.856319859959021,-1.1824047385644576e-08,6.2076797810602736e-09,6110.318505859375,17182.9875,11.201079368591309,3550.550537109375
138,True,237,237,239,44.25501852035522,10.76892255683624,3.519969368065423e-11,9.779665048850432e-11,4814.5958251953125,15022.5296875,3.8690977096557617,4153.3486328125
139,True,269,269,272,32.70405859947205,11.650034553804451,0.22505885455175303,0.10787853210529048,8879.661962890625,-21614.27822265625,3.597435474395752,1054.676025390625
140,True,96,96,381,16.77979965209961,4.551243795578898,9.046272886337193e-09,7.429029702963977e-09,434.1903472900391,5879.462109375,0.3204512596130371,4506.56689453125
141,True,984,984,385,0.057267853152006866,0.011749442094097274,0.17338369339704512,0.052099708117508414,6.931587290763855,84879.2203125,1.8497112250770442e-06,7583.095703125
142,True,403,403,554,152.7788528442383,32.71035519113489,-1.3358914008229336e-13,1.1337123105580964e-13,10647.63330078125,-754.137109375,22.749914169311523,6245.60107421875
143,True,56,56,611,7.628226661682129,1.6812014436563671,5.372716984296609e-23,2.796668000622912e-23,3380.534387207031,741.393359375,0.38200998306274414,3073.971435546875
144,True,273,273,280,34.02930088043213,7.920169819955809,2.2320912673734483e-08,1.2616122670518123e-07,6621.535546875,41882.26484375,0.6725013852119446,2894.5400390625
145,True,779,779,705,0.009357279015239328,0.0025945916985672776,0.020439970085863023,0.006335494561973655,0.9825226664543152,7734.22265625,1.2241837055171345e-07,994.421142578125
146,True,546,546,568,17.1314959526062,5.242498851741172,1.078665837200674e-17,2.8102807761144396e-18,577.3704071044922,28111.7341796875,0.13041208684444427,8892.341796875
147,True,774,774,514,239.56657218933105,67.83076596667318,2.799943700465231e-25,9.497684049464667e-26,11052.3814453125,-8937.24453125,99.38533782958984,3839.029541015625
148,True,165,165,234,29.495608067512514,10.872215222502316,-5.268183611573108e-10,1.9605357496983597e-09,3020.4435791015626,-45339.268359375,1.7829923629760742,1054.4998779296875
149,True,886,886,498,40.26061887741089,7.23525678586063,1.9486576197103033e-08,7.196021323049261e-09,9988.688232421875,-32795.4078125,2.9731943607330322,1606.91796875
150,True,634,634,870,191.69401435852052,27.066409437789417,1.0511671638376365e-12,1.7502474392740171e-12,46414.1232421875,-5079.464453125,30.893468856811523,2596.0634765625
151,True,392,392,110,79.41976795196533,17.7197359917535,-4.8546945283223233e-11,5.943514415989085e-11,4209.464453125,11050.051171875,17.284343719482422,3217.52392578125
152,True,914,914,724,19.830944257974625,7.097824988490619,-7.797673270970584e-12,6.403733391841062e-11,-240.90552368164063,4854.788671875,1.4333423376083374,1587.9906005859375
153,True,338,338,162,315.2132827758789,43.29520433237729,0.03992548817477655,0.02175550981602757,57937.1296875,-17025.5322265625,223.84713745117188,4779.921875
154,True,711,711,838,14.715707373619079,5.4234904531360195,0.01372916116961278,0.0034717873221001756,1248.6627044677734,-2056.6857421875,0.09500183910131454,1807.7813720703125
155,True,463,463,457,36.409914302825925,6.135478366678797,-8.335844567505714e-13,7.502967993456883e-13,1448.66533203125,72837.01328125,0.6841039657592773,3933.13134765625
156,True,751,751,511,26.03909215927124,6.129411275091234,1.4076818505293077e-08,1.7657156594400127e-08,4820.910473632813,-5982.01962890625,6.81597900390625,846.3567504882812
157,True,72,72,73,22.606769371032716,5.934663350450619,0.8159361064434052,0.2277657037307723,863.1171875,9546.746875,3.004493236541748,1178.664306640625
158,True,311,311,76,17.64892495274544,8.93874294572312,4.2427239741206965e-18,9.451893813230897e-18,-77.97825927734375,48532.86015625,0.5377041101455688,11537.658203125
159,True,234,234,161,53.797591876983645,16.5666184537079,-0.00017226490926987027,0.00010503847662342876,10958.1427734375,-14106.96875,7.116117000579834,4815.685546875
160,True,392,392,4,614.0169509887695,117.32018092519436,-1.030597746876083e-06,3.809117345417285e-06,66555.903515625,16737.72734375,367.1527404785156,5955.3681640625
161,True,71,71,988,3.095958885550499,0.7045157219643532,-2.1001729524450025e-23,1.3518005309204048e-23,355.0271759033203,36765.6216796875,0.010370218195021152,3702.2490234375
162,True,249,249,390,45.52119083404541,6.627847551243569,5.46405620055479e-10,3.990710623693463e-10,1814.9532470703125,6219.084375,8.80720329284668,3895.672119140625
163,True,938,938,993,12.87535138130188,3.624315259722734,7.357210743408338e-10,7.935017295704592e-10,759.9412261962891,27927.6244140625,0.032759420573711395,3248.87109375
164,True,641,641,774,177.69919815063477,28.050443271361345,-6.036606779724618e-09,3.862885154911769e-09,15313.85087890625,-16417.8951171875,31.16404914855957,6117.79248046875
165,True,83,83,82,73.50506057739258,21.112315343180487,0.6435818547150121,0.2124704141891115,2702.607373046875,-16137.0814453125,1.5615098476409912,2489.97314453125
166,True,704,704,463,0.12545602284371854,0.05106410069301454,9.061929716835948e-06,3.2673822379163496e-06,9.589894247055053,-13269.81484375,9.19056219572667e-06,2957.913818359375
167,True,785,785,808,27.720684337615968,7.924472377064295,4.78848027896106e-10,5.71952671949102e-09,6914.6046142578125,11253.7818359375,0.7135953903198242,5927.0712890625
168,True,115,115,396,199.8372688293457,52.76925593247498,6.677070100167062e-12,3.781620909595695e-12,16783.94951171875,-31121.475,147.89170837402344,5091.3388671875
169,True,154,154,259,30.17425196170807,12.181520438673186,0.8171877667307854,0.24141270273099194,1316.2435546875,29712.540234375,4.345986366271973,2036.109130859375
170,True,590,590,487,10.70742347240448,2.6909240070660805,7.827132651527791e-06,3.0058657833054193e-06,2729.91787109375,10769.217578125,0.7244006395339966,1116.589599609375
171,True,875,875,618,48.572526168823245,5.19528912746702,0.6344646710902453,0.23682072613714605,6961.450024414063,-10301.398828125,7.788093566894531,2253.06689453125
172,True,914,914,871,15.608817672729492,6.0392800960607325,0.0003489301889203489,0.00014812040867956974,597.1575256347656,23024.0916015625,0.19219693541526794,1657.6199951171875
173,True,395,395,335,44.20298571586609,12.73351296851334,-2.37068658974493e-12,2.3755024634972825e-12,2237.50869140625,-45503.9779296875,0.4169756770133972,9039.5361328125
174,True,228,228,182,131.44334602355957,24.542080261477636,5.606943090090302e-14,3.409614213191554e-14,35035.2884765625,51194.5671875,72.31293487548828,5420.6005859375
175,True,941,941,805,0.010455048854237248,0.0050574502864738444,-6.5183812979004735e-21,5.391678025755046e-21,4.113841116428375,-56675.728125,4.3967858687210537e-07,4646.5654296875
176,True,971,971,107,0.004411168920341879,0.0012277838482369246,3.129623669321634e-14,2.8142705449553354e-14,0.19139356762170792,-11484.24501953125,2.473241611511412e-09,3931.987060546875
177,True,88,88,90,0.029397572576999664,0.005858782485056605,9.817921213547693e-18,6.926919249456767e-18,2.3397443771362303,-14438.33984375,2.0490988390520215e-06,2053.999755859375
178,True,488,488,695,0.14830622347071767,0.05381888638272641,-2.958805995351144e-11,1.9410094910911353e-11,26.916794776916504,4246.7568359375,0.0001948051794897765,2092.741455078125
179,True,195,195,157,159.6371873855591,35.2376806518985,0.001111678474717337,0.00029312792300451187,8711.09912109375,-11295.939453125,11.820817947387695,3975.8818359375
180,True,550,550,355,20.818046808242798,2.901785446612044,7.301851269967846e-19,2.9084998659767003e-18,1595.981298828125,-9270.673828125,0.18818676471710205,13126.6611328125
181,True,44,44,71,912.0926467895508,211.87037836870812,-1.6939464529741598e-06,2.559065883539314e-06,43521.2361328125,-13183.6744140625,175.3785400390625,5860.89892578125
182,True,242,242,209,134.54428157806396,35.717237337804214,3.673124179814913e-10,5.869640522497676e-10,15460.307934570312,30213.32705078125,51.704524993896484,2440.853515625
183,True,554,554,407,0.3809684135019779,0.07506315157104744,5.550664069001177e-11,2.068258106646627e-11,16.272776222229005,-54315.9451171875,5.637042340822518e-05,4687.7763671875
184,True,646,646,286,2.796003046631813,0.7419276390347428,3.429336879889888e-06,2.9641747096948046e-06,1291.09853515625,14416.8197265625,0.007552768103778362,3044.058349609375
185,True,292,292,285,4.052099189162254,1.8157945779054683,2.676140138646588e-06,3.7309031011818887e-06,2079.2017456054687,-47371.9029296875,0.6109591722488403,1434.322021484375
186,True,888,888,821,0.3688016042113304,0.08756608422065922,-3.8584029634497474e-12,2.6132130498051413e-12,73.8162914276123,-14996.94609375,0.00048580142902210355,3739.75732421875
187,True,66,66,13,5.888389202952385,1.7517873940959208,-9.907581838410973e-15,4.506461327032725e-15,421.5440185546875,-9718.88828125,0.20420803129673004,15430.83203125
188,True,136,136,469,0.03027462144382298,0.01320976801484964,-1.3792785425755352e-14,8.538940344844066e-15,4.260408556461334,-29413.41015625,1.843492100306321e-06,7957.03857421875
189,True,191,191,192,182.74663238525392,49.4737697019802,2.2430885463940385e-12,1.0025544601329608e-12,22075.60234375,-8015.166015625,61.99281692504883,3390.683837890625
190,True,88,88,911,0.04618427734822035,0.014567084707878921,3.7709497519244906e-05,3.6343516878335964e-05,4.54385769367218,5282.008203125,2.1789523998450022e-06,1934.27978515625
191,True,357,357,299,81.69286670684815,17.109812849890915,1.9191661593254138e-10,1.3620079023311789e-08,2721.11787109375,9352.91171875,8.986773490905762,4256.3330078125
192,True,821,821,668,1.1571667470037936,0.596345929926918,-1.0449126239819861e-07,2.02153296917734e-07,41.228733444213866,-3175.68515625,0.0025240457616746426,4478.59228515625
193,True,999,999,741,309.79654159545896,73.93515509418638,7.335697743693359e-11,6.056791169794872e-11,21348.5013671875,4382.41953125,33.27952575683594,3157.38671875
194,True,926,926,924,93.75257329940796,19.267018774464876,-3.7730488240401493e-14,2.562880488375579e-14,22587.24970703125,-25549.7720703125,30.20893096923828,4141.52197265625
195,True,33,33,78,434.9247985839844,152.81908860735786,-1.8105651645172748e-07,1.0965446852616325e-07,24851.642578125,-4296.7552734375,125.79817199707031,7562.373046875
196,True,61,61,445,26.694779658317564,8.07145012688352,-3.807909987330049e-08,4.596081307343232e-08,10214.535192871093,29688.3109375,8.740827560424805,3359.626708984375
197,True,699,699,499,198.2533203125,39.3763271619412,8.324889931056456e-11,4.179575880336528e-11,43407.540234375,-57633.7296875,59.25593566894531,2894.73876953125
198,True,451,451,850,0.15521216671913862,0.04543367911223401,-4.855636021299653e-12,4.682003785510295e-12,9.934976387023926,14254.205859375,8.721543053979985e-06,5570.5517578125
199,True,756,756,700,25.270863151550294,2.994704625151064,0.00037682584406866225,0.00018610809548705364,3902.94189453125,-45990.137890625,1.7349871397018433,3606.365234375
200,True,96,96,93,0.5193952567875385,0.185611145047226,4.361996905170862e-11,6.193184256401188e-11,61.517294311523436,-7875.2484375,0.0007791429525241256,2217.6787109375
201,True,628,628,395,8.721535253524781,2.7983555590840337,0.0006691257352940738,0.00018846839996620278,544.0245788574218,-2609.813671875,0.018700137734413147,8600.6123046875
202,True,530,530,474,1.7681321263313294,0.34934125942040495,0.003931748931063339,0.0012101533117714895,90.38776016235352,14157.70390625,0.002106918953359127,13816.2041015625
203,True,732,732,485,3.5350024878978727,1.2351891621730968,-7.490449615943362e-06,6.283006561433086e-06,207.3073944091797,-26253.27451171875,0.005106857046484947,3233.91552734375
204,True,370,370,384,337.65274810791016,56.789214000921504,7.406240251839336e-06,4.718180083696659e-06,16559.190234375,-7960.56328125,225.95626831054688,5240.23828125
205,True,334,334,155,0.9331247732043266,0.3895124544035351,0.00012097410071874038,6.55631231967379e-05,81.18011169433593,-47597.966015625,0.0006482491735368967,2769.30224609375
206,True,0,0,512,44.23241691589355,6.519415844437493,1.760517598459858e-21,8.780635603055828e-21,8025.1798828125,-60810.93046875,4.261767864227295,4659.0908203125
207,True,708,708,695,228.8946210861206,57.165626750266675,-4.262510544528197e-09,5.458240518577415e-09,13147.260205078124,38607.3328125,92.66206359863281,2709.216796875
208,True,935,935,891,0.32006681300699713,0.17279334149303455,-1.8074265823622787e-22,1.8667254401980062e-22,13.98283257484436,-23477.71787109375,2.487123492755927e-05,5022.4296875
209,True,264,264,151,1.887482964992523,0.2634949706839772,-9.651188043191539e-10,1.7450677289869708e-09,329.5786392211914,13481.276953125,0.013158977031707764,2407.27587890625
210,True,292,292,55,14.53712193965912,6.259177959843323,0.2596029706961417,0.11671186979405274,4956.750390625,17397.6240234375,3.286029815673828,2129.97314453125
211,True,573,573,468,107.1526092529297,35.10232036250223,8.51518093213599e-05,5.76602852557858e-05,4920.861865234375,19904.959375,10.270095825195312,2105.876953125
212,True,861,861,464,119.99451904296875,16.26619793126069,1.8512414518001564e-11,1.6368869790003857e-10,38591.956640625,5481.55390625,26.06616973876953,1175.825439453125
213,True,179,179,268,11.951453280448913,3.2986049156111608,5.612625246292566e-13,3.890525161051071e-13,2986.4060913085937,-17237.92265625,0.22063931822776794,4178.15966796875
214,True,965,965,937,6.574816381931305,1.8475144024201033,4.134214417881492e-14,3.9695780924160976e-14,999.3356231689453,20520.271484375,0.10022702813148499,2963.375244140625
215,True,270,270,158,24.90615568161011,5.115170055171732,32.83647106289864,12.454244240827753,1009.5891937255859,4544.4890625,0.3655302822589874,7496.990234375
216,True,29,29,463,0.05495766941457987,0.009402972903570393,9.73329190401273e-07,7.544090456724631e-06,12.337292814254761,-5704.962109375,3.944483069062699e-06,5425.69970703125
217,True,850,850,674,773.3773788452148,143.00422360780786,2.752801913901425e-16,1.765833483791119e-16,41922.52294921875,-4400.304296875,283.7586975097656,4616.11572265625
218,True,608,608,597,91.06470031738282,20.56071028973447,-5.887229324185306e-16,3.485770011731818e-16,6346.1341796875,10682.07265625,4.970998287200928,5602.3173828125
219,True,4,4,2,321.06153335571287,50.788640494153796,1.8086402246808574e-05,1.8258992938420396e-05,6428.98984375,13811.9515625,139.46949768066406,4341.177734375
220,True,405,405,404,0.5739400070160627,0.30429087400865856,0.0001222549090925895,5.514852260905211e-05,21.08293762207031,434.4296875,0.00019726442405954003,2314.79150390625
221,True,447,447,837,93.67993793487548,26.394105396804985,3.4896326839923857,1.4862247922807972,12541.091357421876,953.87578125,12.65112018585205,1985.63525390625
222,True,237,237,157,52.47180917263031,13.404817276718564,0.004874642014328856,0.0021337850388356587,7674.053515625,9897.8103515625,20.555078506469727,3996.2841796875
223,True,104,104,281,165.08881759643555,29.332739318740398,2.6129341214895248,0.7807944305436666,12654.66953125,-33134.98828125,27.084518432617188,4829.5322265625
224,True,13,13,19,0.7825911100953817,0.2039580989668463,8.245354419494092e-15,1.1269000230360292e-14,49.62984557151795,16769.6576171875,0.0002759933704510331,2918.21923828125
225,True,897,897,104,10.040116441249847,3.8138071450592057,2.5007087567363585e-09,1.764974392822189e-09,986.786328125,45838.92890625,0.1263536810874939,4570.12060546875
226,True,280,280,350,4.597953194379807,0.9353877912624146,-5.923896616299995e-12,6.65557779499198e-11,650.8824829101562,3568.7568359375,0.13660112023353577,2555.273681640625
227,True,388,388,107,0.11515674144029617,0.028541723543242054,-5.974287565851077e-14,6.485425661454425e-14,5.529524517059326,68294.51875,3.831947196886176e-06,14648.9052734375
228,True,617,617,151,2.7542021572589874,0.4046596574138188,9.020309903462475e-08,2.2754187696450635e-07,225.9715721130371,22176.170703125,0.00578833045437932,4037.4013671875
229,True,538,538,63,0.15449703559279443,0.016017750848664858,-6.255186879577934e-09,3.811905339600835e-09,27.083242893218994,33213.6298828125,2.3399874407914467e-05,4020.08935546875
230,True,55,55,397,262.7042495727539,99.37987925419466,-4.335100561977096e-20,1.458601794314735e-17,15037.0259765625,55742.01328125,55.03578567504883,16407.056640625
231,True,780,780,591,10.91903042793274,3.3916216120087905,0.05521217182977125,0.017094405843884688,624.7460510253907,-3376.75546875,0.0712117925286293,4598.92236328125
232,True,888,888,873,1.0451718114316464,0.2873260646013982,2.4512025964540385e-08,9.275313075408077e-09,281.8804786682129,-586.4234375,0.002547104377299547,1954.6702880859375
233,True,180,180,245,58.79085426330566,10.406315078080336,-6.759810747780648e-06,6.89048002023718e-06,4474.641937255859,23249.6490234375,18.114688873291016,2144.486083984375
234,True,238,238,230,12.547443771362305,3.128457038900326,29.550245006754995,16.134282724438215,766.552099609375,15984.420703125,1.1943830251693726,2136.112548828125
235,True,164,164,199,397.15808486938477,87.42206097246059,2.8600263135558636e-08,3.247278052403759e-08,42400.34794921875,32030.0431640625,161.80422973632812,2291.06494140625
236,True,640,640,891,0.3597250282764435,0.08021875679113108,3.244951897044349e-23,6.133600354242757e-23,54.47755756378174,31249.88046875,0.00023172318469733,4168.51025390625
237,True,481,481,547,25.030768060684203,5.756738894476545,7.506804695367464e-06,4.775737719728027e-05,4806.73525390625,29708.2373046875,0.4051229953765869,3706.22021484375
238,True,422,422,747,10.818848252296448,2.6882585728005246,1.985136392210577e-15,1.3494416218159367e-15,472.40814819335935,12961.3310546875,0.22843879461288452,4283.66748046875
239,True,173,173,155,422.66654205322266,106.54358036742515,7.549082524747064e-05,6.395735572586361e-05,52202.1677734375,15608.92333984375,126.31685638427734,7110.62109375
240,True,941,941,922,6.931722402572632,1.9533302864470152,8.533678468730655e-11,4.2695913996971826e-11,1068.6464599609376,-22203.3724609375,0.10045839101076126,964.9307861328125
241,True,680,680,635,996.1226470947265,149.39306987294734,-9.216579925919177e-08,2.088546674251113e-07,58035.5,25306.1751953125,569.0101928710938,8204.2109375
242,True,16,16,383,44.55915651321411,12.757414864002305,-1.7103707772997412e-11,3.059842051518418e-11,2432.405502319336,-52576.1337890625,1.0163294076919556,6293.513671875
243,True,616,616,584,53.524910068511964,12.956487891051724,1.4063212347537047e-06,1.8394366286087257e-06,1807.784130859375,19738.58681640625,7.735986709594727,2569.626220703125
244,True,738,738,939,261.5346115112305,54.49000525940756,-2.3980096120618245e-12,6.231328135582477e-12,25699.9439453125,36088.0703125,50.979034423828125,3440.69677734375
245,True,252,252,254,7.218659394979477,2.3716919515969797,2.5308562072723363e-07,7.3241528280885e-08,481.4453125,5301.049658203125,0.015039249323308468,6106.06591796875
246,True,595,595,730,25.770672416687013,8.642564967736703,2.3914124339916743e-15,1.0492800916895363e-15,5279.770355224609,5569.68515625,3.5978751182556152,1764.5595703125
247,True,4,4,2,406.2184678077698,147.91846788006967,2.1492933734851283e-11,6.027169449574291e-12,3817.556298828125,-11982.442578125,149.3383331298828,3423.08056640625
248,True,645,645,879,0.0066698326845653355,0.0023002471504073654,7.497128307054624e-09,2.0025097506115316e-09,1.3504880368709564,18450.998046875,3.0103681325499565e-08,1957.30126953125
249,True,9,9,151,0.5339730180799961,0.24211275931824836,0.8547990867868066,0.3339483373233025,45.74715690612793,12499.04140625,7.852278940845281e-05,1760.5404052734375
250,True,421,421,736,75.01331663131714,20.042676557263864,-1.5718491897259212e-16,8.061798404435403e-17,1450.683331298828,74409.358203125,0.9174576997756958,7279.5986328125
251,True,699,699,424,395.4238845825195,91.43137497499842,-1.1489796884234238e-05,1.3386278321772095e-05,33228.1072265625,6883.155859375,110.57833862304688,4079.2060546875
252,True,514,514,391,2.657140475511551,1.0208646081253672,0.012160223281534854,0.006316445505967346,420.9016746520996,12521.5578125,0.003001556498929858,7655.17236328125
253,True,228,228,348,0.0018701039924053475,0.0006484179375495933,18.08636340200901,6.303715402315776,0.42195806801319125,25386.5765625,6.174374345135902e-09,6327.37060546875
254,True,565,565,867,0.31913955211639405,0.054086685476239175,-2.8808491151721682e-05,1.1341123602489325e-05,85.46018409729004,12594.3921875,0.00020990960183553398,1199.786376953125
255,True,319,319,308,77.1779990196228,16.241185415525333,2.997290190348556e-10,2.0105634904914565e-10,3542.95576171875,6968.44609375,10.873430252075195,1958.719970703125
256,True,707,707,918,330.04347801208496,79.06259805869108,4.2396766597455015e-24,3.1725562340871755e-24,37728.5078125,7252.09033203125,90.66879272460938,2593.689453125
257,True,293,293,287,0.15259108692407608,0.041586247146334444,2.3002554305762146e-09,2.220042208199379e-09,52.28266477584839,7442.015185546875,1.6846264770720154e-05,2695.133056640625
258,True,464,464,490,100.87586936950683,23.96603959596576,9.26127313505276e-08,1.3080794183280668e-06,33300.2158203125,20289.4642578125,54.172210693359375,1580.0775146484375
259,True,467,467,696,0.05613678526133299,0.013507001556215826,8.57747508718567e-18,2.734903853965474e-17,4.475472545623779,-32039.661328125,1.4603616591557511e-06,2231.93994140625
260,True,379,379,378,182.91188316345216,60.93381759280824,3.2880027191595216e-06,1.5252834843747043e-06,2948.0309326171873,5402.00693359375,21.460458755493164,1554.36328125
261,True,37,37,36,13.609731340408326,4.382859512862496,8.026152376050533e-09,6.661999245493127e-09,760.3435546875,-24962.75810546875,0.9807335138320923,1549.9259033203125
262,True,202,202,177,6.3431077003479,0.6057449544676148,1.0649343202828732e-07,7.798429902111478e-08,1514.463916015625,54789.51171875,0.12597736716270447,2918.763916015625
263,True,410,410,642,0.009061684948392212,0.0027601813304338483,1.6946509708004169e-25,2.979475141860853e-25,1.5416490495204926,-23133.29140625,9.13705804350684e-08,2488.177734375
264,True,301,301,125,16.8497793674469,3.347194666211103,1.3149173572896134e-10,5.965569333252514e-11,2583.3479736328127,9410.437109375,0.6912385821342468,6203.486328125
265,True,718,718,839,37.03305019140244,8.06118666612319,8.624756984154657e-08,5.3214404391247925e-08,-972.0456848144531,-7241.503125,7.950686454772949,1458.1270751953125
266,True,956,956,39,0.2835837878286839,0.05133797934197632,2.9064732348302313e-11,1.968605064084265e-11,22.726017665863036,-43753.6375,6.921464228071272e-05,12599.93359375
267,True,833,833,253,498.7116333007813,48.21257679635536,3.3487247378616304e-06,1.573943855393573e-06,100198.19296875,16357.144140625,282.4637451171875,3857.502197265625
268,True,48,48,39,43.80899388790131,18.746028111827258,-2.1275790836528804e-18,3.996668765448896e-18,4102.214428710938,1254.874609375,1.649125576019287,2168.177978515625
269,True,565,565,860,0.17600132524967194,0.05903109357026118,1.0849245628342032,0.31059729025721783,60.49314880371094,-5492.322265625,5.353315282263793e-05,640.2449340820312
270,True,110,110,115,0.10822854526340961,0.037607265353389624,0.0005130430748977233,0.00016780262266328147,107.6508321762085,32168.158984375,0.0010404809145256877,714.624755859375
271,True,927,927,719,0.28793559931218626,0.11079098843746918,6.485233476524821e-16,5.71187721573982e-16,9.876030540466308,25329.578125,4.087991692358628e-05,5949.0224609375
272,True,549,549,611,404.4156887054443,101.22986552593915,2.654280447890065e-29,7.25650970484246e-29,39857.3615234375,-42932.833203125,73.17877197265625,3199.451904296875
273,True,385,385,99,82.37304576635361,20.948373719565197,4.452530717654682e-15,4.014251777698716e-15,4117.911645507813,38112.0166015625,47.40296173095703,13347.7099609375
274,True,605,605,412,10.995005424320698,4.037336945725333,0.8066748440265655,0.4013663643574377,524.9258728027344,33280.806640625,0.02440439723432064,4510.361328125
275,True,487,487,761,3.933572232723236,0.5355122459037202,6.082133255369548e-09,2.9742959927233702e-09,538.3819244384765,14870.5494140625,0.08622854202985764,1423.0289306640625
276,True,912,912,181,0.12614941373467445,0.035895509791888706,-1.9762876689810583e-06,1.1894509607329541e-06,18.190227508544922,-22196.33515625,3.210555587429553e-05,8354.890625
277,True,755,755,807,0.8275176253169775,0.40124047760929177,1.756407669999238e-19,1.264470701663501e-19,79.94201908111572,45048.2396484375,0.010666344314813614,3270.6005859375
278,True,979,979,807,8.390295553207398,3.001056272050701,2.2456421878435892e-17,1.3446618512322474e-17,121.48128509521484,30753.886328125,0.10427597165107727,6895.7099609375
279,True,220,220,213,181.53567657470703,35.420143097105786,1.9797793925080409e-10,1.871374364759005e-10,34766.5251953125,-16242.8177734375,135.52967834472656,1052.198974609375
280,True,869,869,617,50.8660970211029,17.14778513574579,2.7619383953511716,1.12760832726201,3160.1572021484376,22904.953125,0.8879621028900146,3719.539306640625
281,True,819,819,875,133.20167121887206,39.55211782256419,0.0012413944094987529,0.0005120197872351042,13472.6796875,28048.76328125,20.058618545532227,2849.680908203125
282,True,996,996,393,11.44421827197075,3.562231509341694,7.929429051145575e-08,7.027734544360085e-08,1102.124966430664,-17793.508984375,0.13337041437625885,2318.62158203125
283,True,873,873,670,0.43189387694001197,0.08500778507111911,4.287657958269119,1.4546753624113462,29.26699447631836,-56092.795703125,0.00026045707636512816,2370.662109375
284,True,889,889,542,208.80978965759277,57.218381272686315,1.430718850770063e-05,5.37743222968843e-06,21938.0736328125,84496.0390625,54.89197540283203,3651.806884765625
285,True,181,181,267,3.6261980831623077,0.703179129167539,4.79051252888496e-07,3.154176876754221e-07,167.76403350830077,349.1609375,0.0442984402179718,717.7493896484375
286,True,546,546,643,250.88580627441405,41.80419585053122,2.1463178345726417e-09,9.73647239118471e-10,12543.784765625,-22045.680859375,39.31869888305664,7345.251953125
287,True,451,451,618,1.1335479736328125,0.1904573478702101,0.15477462112903595,0.04556661632222177,173.10173492431642,6824.44296875,0.0011623483151197433,1907.52294921875
288,True,136,136,137,0.5160775400698185,0.16138091780565214,2.78034877621014e-09,1.3063612427702768e-09,30.09843292236328,-14973.88828125,0.00024800203391350806,1366.4698486328125
289,True,273,273,157,199.53928604125977,42.84919039742129,2.4873747008768987e-06,1.6366087225682026e-06,19830.80947265625,-19550.425390625,19.84573745727539,5019.8740234375
290,True,821,821,888,0.10606857240200043,0.039643318842992555,3.489828665306262e-13,1.0564243223482184e-12,46.82225341796875,1629.3859375,0.001308139879256487,1405.686767578125
291,True,649,649,428,1.6492290556430818,0.32134251463399954,-2.6087632002146675e-17,1.1980322287245494e-16,279.0377426147461,-16968.4947265625,0.00324409082531929,9536.5908203125
292,True,513,513,523,147.78645763397216,29.830478258997783,2.455901172530861e-12,8.384801332409849e-13,5988.267065429687,49667.2291015625,53.53997802734375,5513.2177734375
293,True,683,683,849,87.90910034179687,14.247496803146658,1.7394559108652176e-07,2.3771166509676524e-07,3966.200830078125,-50803.726953125,16.939167022705078,3995.22900390625
294,True,406,406,857,5.418716329336166,2.548017460066396,-2.500123628124129e-07,2.242682515502923e-06,497.3761520385742,-27236.915625,0.032579876482486725,1462.3585205078125
295,True,992,992,947,1.8415292263031007,0.5882956355832599,0.04310664893127978,0.009244067856900328,301.9101959228516,-3947.38193359375,0.39265552163124084,255.80197143554688
296,True,417,417,405,0.727032332867384,0.22668477396621564,3.5405704027104265e-15,1.5490675567418556e-15,104.31173152923584,-7586.471484375,0.0017945548752322793,2118.09130859375
297,True,325,325,94,0.02408802032005042,0.005752103679099516,1.6851986928308193e-13,7.944203581251962e-14,3.3579307556152345,4288.409375,9.427086524738115e-07,5512.73046875
298,True,29,29,26,8.936065489053727,2.376240567460594,1.097989647462964,0.3973315317087807,1560.7240173339844,-26967.648046875,0.2552615702152252,5872.271484375
299,True,103,103,334,440.2447769165039,144.7071472381194,2.8304232736883414e-15,1.423639046251611e-13,8184.051220703125,-21830.364453125,69.15185546875,8343.57421875
300,True,994,994,327,15.363364982604981,3.7320619551980183,3.2698930585786656e-12,1.3484722866035684e-12,3790.549462890625,-18299.636328125,0.8093894720077515,1925.8172607421875
301,True,350,350,185,16.25436141490936,4.1492765042992055,0.011282118456438183,0.004538094858966186,1367.3414276123046,33922.28984375,0.08241089433431625,1391.3323974609375
302,True,934,934,118,185.22378425598146,37.43272950573891,0.0022899554893228923,0.0013819821923196393,38936.6638671875,-25123.44140625,85.33193969726562,3546.12939453125
303,True,402,402,420,3.6035661727190016,1.0107655172489458,7.830658925803824e-16,1.3557923736791846e-15,278.612166595459,55263.8982421875,0.014967266470193863,2866.11279296875
304,True,486,486,740,37.88403263092041,14.94720422883127,4.6346950582920595e-12,4.918995802647016e-12,1754.183056640625,32200.97734375,3.167114496231079,3711.949462890625
305,True,113,113,173,33.493095350265506,12.443195705319134,4.350313692613739e-10,5.232999629690621e-10,1777.7256103515624,29332.387109375,0.8839915990829468,7352.68408203125
306,True,437,437,394,37.1408953666687,9.949250046509984,2.0846636049343115e-10,8.019700083145354e-11,1836.581103515625,-9468.63984375,1.2961381673812866,17725.380859375
307,True,878,878,589,83.29551877975464,16.847038074089927,-1.4407650798253518e-17,1.0684218896465079e-17,7036.08955078125,-15264.65078125,9.271004676818848,6002.63720703125
308,True,927,927,678,0.3768421808257699,0.15103798640328042,5.085437825958788e-24,2.0185321998093823e-23,101.38270950317383,-27597.65078125,0.00028872329858131707,6276.69873046875
309,True,101,101,386,132.16305875778198,28.238320157624777,0.00017209614561579655,4.635956743268311e-05,4649.55224609375,9866.16640625,19.839168548583984,1377.784423828125
310,True,440,440,907,36.37177143096924,6.804866711042433,0.0034568622861115726,0.0012010098432265687,2152.9001708984374,14796.6873046875,2.4438929557800293,1154.926513671875
311,True,143,143,239,263.1570877075195,32.03659822121684,3.525293962525211e-07,1.4162523488167632e-06,36684.43828125,-38597.028125,148.0762939453125,4550.76611328125
312,True,672,672,363,0.2725036904215813,0.055873216561687235,4.128997893465473e-30,1.8169977405771818e-30,13.380550384521484,-82666.596875,1.8101372916135006e-05,10332.5732421875
313,True,577,577,828,100.3546516418457,19.102366364198257,2.045454108200767e-22,1.2730942642798026e-22,5253.088452148438,-19386.423046875,4.301614761352539,5279.86181640625
314,True,561,561,654,0.007224151230184361,0.001504497738891091,7.616087958695061e-06,2.4061934091885466e-06,1.1559366703033447,10913.7751953125,4.463790048703231e-08,951.0870361328125
315,True,448,448,791,45.74758744239807,16.543424096334633,-1.094371124449355e-11,6.333750904607384e-12,1251.5734985351562,-59959.40546875,0.7553507089614868,11089.1494140625
316,True,883,883,312,236.23798828125,67.08953582753315,0.0002059294506580045,6.691732722136369e-05,9949.350732421875,-2568.148828125,10.176726341247559,7501.29345703125
317,True,336,336,282,59.37684230804443,9.507405683173552,0.0006810170201788423,0.00021420638970498404,6361.540625,-17453.16796875,1.9728480577468872,3619.21533203125
318,True,790,790,921,0.1226790837943554,0.034876385829574065,7.397848676191643e-05,2.953722451620547e-05,20.0530668258667,13093.59609375,4.471110150916502e-05,1438.4375
319,True,298,298,357,3.496951621770859,0.9128375510161194,0.44503557998687027,0.12380980944057109,131.64560089111328,22817.346875,0.014456916600465775,3343.08984375
320,True,31,31,30,112.45350980758667,50.05444609088857,2.3711332275411224e-08,1.0121406839388039e-08,19571.3748046875,700.75517578125,117.27051544189453,2047.819580078125
321,True,229,229,153,1.3363852381706238,0.23613389552356273,-1.0675516415403763e-05,7.528532685680205e-06,85.437748336792,-19627.9546875,0.0012994937133044004,2751.66357421875
322,True,594,594,815,0.32412467077374457,0.0984070574607002,0.025467103504342958,0.009165342387093761,87.91774673461914,56088.821875,5.043754572398029e-05,2757.50244140625
323,True,976,976,48,419.7127285003662,100.83828711555039,2.9614804965966135e-11,1.0890563435047626e-11,27197.8939453125,-1690.036328125,70.36255645751953,11180.2333984375
324,True,204,204,164,175.87384300231935,50.885266182326326,4.1675991965198914e-11,3.624486981749049e-11,13043.13515625,19783.9921875,32.35491943359375,7062.7373046875
325,True,220,220,850,73.93311281204224,11.15486309515216,-3.638835177730178e-13,1.1324381779778387e-13,2039.7861450195312,14499.8744140625,4.0474982261657715,4824.591796875
326,True,364,364,377,0.0224572561099194,0.008621423285504005,-3.2203615774051285e-09,8.204491967093397e-07,2.6097691655158997,-6800.865234375,2.1781717407520773e-07,2739.82568359375
327,True,930,930,816,181.14595108032228,40.51750283828434,-1.4423977481419584e-20,9.934414253423522e-21,36638.775,-15727.3943359375,26.625411987304688,4280.2236328125
328,True,242,242,218,6.250406885147095,1.8582628605007134,2.6169142142151713e-08,2.1010629019643326e-08,549.9160400390625,25528.924609375,0.020960982888936996,3978.430419921875
329,True,245,245,237,84.20416344404221,34.43625541799176,0.00022491531253763242,7.59527162479882e-05,2478.716293334961,-21928.446875,2.462447166442871,5973.91357421875
330,True,262,262,154,20.801996541023254,4.238810629341243,2.126815479641664e-06,8.693218594434149e-07,701.7850158691406,-3053.70234375,0.4108157753944397,1909.825927734375
331,True,996,996,348,2.3535250961780547,1.0814863841577544,0.053146418466349134,0.016380691260985843,1511.202719116211,34427.975,0.006846270523965359,2005.099609375
332,True,539,539,414,98.79319763183594,36.76354204047222,0.0006356299239996588,0.00015922334806855922,8929.26796875,-9710.7357421875,1.7437269687652588,2829.435546875
333,True,880,880,518,34.59890971183777,10.10923186044362,-9.06799073163711e-08,1.400509590334764e-07,1130.8238525390625,7008.640234375,1.3832532167434692,2363.18896484375
334,True,640,640,868,103.01274518966675,31.687605440592254,2.1550734253508644e-13,1.4952275215932023e-13,29834.88486328125,-41228.56254882812,84.70291900634766,804.4756469726562
335,True,340,340,338,2.693684774637222,0.6293621291420726,8.289911764415209e-22,2.2345752628484214e-22,226.3611701965332,6138.608203125,0.0054467469453811646,4997.93310546875
336,True,145,145,182,2.5406179383935522e-05,2.434057920807739e-05,3.443482697207401e-07,2.852235421090889e-07,-0.0001863505400251597,-25690.051953125,2.15672315076465e-12,6911.4150390625
337,True,983,983,33,169.76425857543944,20.28263141302135,1.4954822518120637e-07,1.016470199476837e-05,12713.254516601562,-10704.746875,23.02896499633789,5644.66943359375
338,True,820,820,654,1.0822422809898853,0.3182979079952594,7.946289110805083e-06,4.2328467892771294e-06,35.0320405960083,-8935.7765625,0.0007139875087887049,2783.128173828125
339,True,156,156,173,26.67080240249634,7.886789085492773,5.908972897639945e-14,6.138598660092178e-14,2466.354833984375,-11352.46484375,1.0532946586608887,4750.2197265625
340,True,211,211,235,5.728833043575287,1.4443032906191149,1.0099608616087608e-07,1.3804625637670291e-07,360.01039123535156,-7878.617578125,0.10482227802276611,6312.48388671875
341,True,136,136,128,0.05484609119594097,0.021081055865176595,0.0003639827569713816,7.567348470481442e-05,11.397109889984131,-16267.371875,5.235572643869091e-06,2725.333984375
342,True,875,875,420,195.12843551635743,39.787146826361955,-9.530802897925444e-14,4.747553881867369e-13,42614.19296875,11822.866015625,146.3629608154297,10099.005859375
343,True,990,990,960,402.32334327697754,84.93143716665132,0.0003866671493597096,0.00011460525261346853,18727.8681640625,55208.29140625,30.347442626953125,5834.38818359375
344,True,765,765,559,3.994153492152691,1.7492614698809348,-2.161738188988238e-06,2.574382524011908e-06,696.6945175170898,23472.32578125,0.012933488935232162,1267.71484375
345,True,76,76,151,0.07213382702320814,0.025879019647376655,2.495315953865429e-07,7.520526264192597e-07,32.21722564697266,41545.4140625,3.523053237586282e-05,2892.191650390625
346,True,941,941,998,232.43818778991698,60.06014429621899,1.7908282686490566,0.4300252462784595,31010.81171875,7328.406640625,205.48611450195312,1588.067626953125
347,True,371,371,374,8.471346688270568,2.0637172904890955,-1.4325424120597078e-13,7.129690488644863e-13,1210.1065368652344,45296.73828125,0.17349009215831757,2356.96826171875
348,True,534,534,375,40.99707326889038,10.970876922735327,3.976102596042058e-11,5.673465649347943e-11,7911.8623718261715,53016.03046875,4.821987152099609,5367.45361328125
349,True,94,94,16,38.55904541015625,6.028338013510721,-1.21796338292679e-10,1.3905861527642395e-10,1991.6167724609375,-530.16328125,0.4532088041305542,3005.29052734375
350,True,266,266,187,164.1677188873291,33.30209823736534,0.9818444376811385,0.3877218975850074,12167.22548828125,12516.86376953125,16.246986389160156,3643.486328125
351,True,666,666,924,2.6376850336790083,0.8576075447398847,-4.726107526165091e-11,4.6750991377424274e-11,342.78077087402346,13678.0419921875,0.005872449371963739,1943.87939453125
352,True,397,397,270,75.06278381347656,23.079311275681384,0.004160098994907458,0.001162586127033247,2018.039208984375,1300.927734375,0.5617369413375854,7473.7822265625
353,True,194,194,155,51.46368350982666,18.53676407087486,0.08813013861654326,0.044852400751476236,4805.184423828125,8918.8345703125,1.786473274230957,1764.989013671875
354,True,417,417,695,8.643028330802917,2.278177220760694,-2.405228564927864e-10,3.0600500758359834e-10,663.4045532226562,11465.621484375,0.025069985538721085,9645.1181640625
355,True,125,125,307,11.778102993965149,3.9745003136347163,0.06842482133797603,0.029891463974091457,1018.7226745605469,-2627.63935546875,0.0928502231836319,3845.21044921875
356,True,559,559,604,0.014300361729692668,0.0045686185862501595,3.115244178674401e-28,1.295996028824935e-28,1.389372318983078,16328.9626953125,5.7647856266385133e-08,10686.34375
357,True,777,777,659,18.415897798538207,3.7683965244379665,1.505686725522537e-07,1.1427786968926075e-06,2801.319403076172,13952.8890625,0.38794806599617004,4667.41015625
358,True,566,566,776,25.16508331298828,6.798286574224567,6.089423941091354e-07,1.947460761729425e-07,8831.256982421875,-23074.17578125,6.519305229187012,937.9578857421875
359,True,316,316,317,4.653314886987209,1.6799001908259914,6.76104254182519e-07,1.2560595065590968e-06,291.9805061340332,16737.9169921875,0.02165958285331726,2639.372314453125
360,True,102,102,290,0.054351095436140896,0.01622924185917162,0.0009151064976322231,0.00036645570939947776,38.99776163101196,-1882.195703125,1.628492827876471e-05,1061.8360595703125
361,True,165,165,164,148.3942108154297,41.11817105519544,1.3664732188090057e-05,1.720960432394484e-05,6516.660461425781,26372.8138671875,11.651666641235352,3801.29150390625
362,True,280,280,388,16.100367623567582,7.824142800083774,-8.839802294719457e-21,1.2332184297910043e-20,402.70794067382815,-15353.220703125,0.47866004705429077,12667.65625
363,True,397,397,69,0.07918975232169032,0.01801007861120986,1.048754833612669e-15,7.750146724477759e-16,6.129993462562561,40277.6921875,2.82115593108756e-06,3685.83984375
364,True,933,933,327,239.5194351196289,62.231007735379265,5.185770874416385e-21,6.028618062502606e-21,12237.9125,26857.3734375,110.86749267578125,8604.892578125
365,True,351,351,393,3.0870818972587584,0.7435017486597378,0.0014687508228234947,0.00043762126847669765,303.99924926757814,-60892.5078125,0.03705766797065735,4848.650390625
366,True,43,43,41,0.18364638155326246,0.05091030736921669,-5.5150579880702825e-09,5.194649625154772e-09,14.278119897842407,-10246.80400390625,2.15187046705978e-05,2596.959228515625
367,True,752,752,702,38.37067623138428,9.865064785051425,0.0016585602512350305,0.0005898676471603729,3394.732861328125,24374.28515625,3.041050910949707,2576.683349609375
368,True,820,820,912,51.25005731582642,13.990770364976306,9.642086764162072e-14,7.392646886819609e-14,6175.67490234375,-28963.98046875,2.5668089389801025,3309.04248046875
369,True,855,855,658,10.68997905254364,2.6352579487731975,3.389247336116341e-07,2.7154068841857553e-07,1858.0850769042968,-4607.27158203125,0.05147102475166321,1853.5908203125
370,True,135,135,13,0.27745975330471995,0.04469518326534145,-2.079043385475217e-13,4.057858183155571e-13,27.99970817565918,-37207.01171875,2.616209167172201e-05,6767.23388671875
371,True,839,839,421,0.3064780801534653,0.07442875263317797,7.920187599097517e-08,9.801514546964461e-08,104.00337448120118,-16981.5390625,8.955351950135082e-05,952.4348754882812
372,True,622,622,685,197.5901081085205,62.115294578097284,1.9561395294687146e-07,9.43693143793117e-08,3229.4849609375,-31085.40205078125,5.872195243835449,3917.940673828125
373,True,179,179,160,212.82382431030274,37.105232127610236,-1.3336201558784958e-17,2.7969693228804027e-16,8765.69189453125,-72014.8859375,70.620849609375,6849.8896484375
374,True,416,416,702,313.1306957244873,94.71739008158373,0.12947169928811492,0.03042995424906492,9586.265673828126,3505.803125,103.88478088378906,3151.724853515625
375,True,234,234,852,653.6825317382812,228.26318411321563,-3.560234522557298e-11,2.082967383538905e-11,22458.42060546875,16796.762890625,341.716552734375,3931.498046875
376,True,683,683,391,3.7795321583747863,0.9873677445351688,-1.5823005550252846e-08,1.9842403156667203e-08,1430.8323638916015,-13306.20625,0.05346696078777313,9893.7978515625
377,True,479,479,464,0.18593379110097885,0.039137191990750254,4.521035430471443e-08,4.406821121230562e-08,48.99924430847168,15584.7359375,6.025119364494458e-05,1935.264404296875
378,True,391,391,104,315.53404541015624,81.75619111083887,6.707546678323814e-13,2.217160850095677e-13,26328.6392578125,-29433.090625,63.102481842041016,6053.30908203125
379,True,998,998,463,12.339560532569886,2.748666523163931,-2.7740259866959605e-09,3.3349325525650427e-08,4431.0990234375,26037.66328125,3.4037139415740967,1268.3699951171875
380,True,494,494,538,195.09248008728028,60.099784977127285,1.562531970478176e-06,1.7767955700957589e-06,6279.0892578125,816.11826171875,136.44981384277344,1471.6405029296875
381,True,352,352,354,30.722842121124266,7.83133878461575,1.6244379763731168e-16,7.862460580759498e-17,1244.4611694335938,-55284.6859375,0.5849351286888123,4469.1591796875
382,True,244,244,255,11.02417072057724,2.57930727657065,2.540874204441934e-05,1.1583208701082255e-05,585.3777404785156,33102.1765625,0.08498591184616089,2566.28662109375
383,True,30,30,212,2.7126087240874766,1.0797720340882633,9.48917988456699e-12,9.876914052686335e-12,456.93244972229,16512.70546875,0.01308929268270731,5603.5654296875
384,True,221,221,265,72.84891319274902,14.790491309199698,0.00226907691831002,0.0006600257273421957,7661.150952148438,8724.71328125,4.750535011291504,4364.05859375
385,True,16,16,13,2.5686485171318054,0.8444536583357533,-1.4913602975033875e-17,3.502020885997444e-17,389.0265251159668,6481.5078125,0.007235705852508545,2392.1201171875
386,True,546,546,100,0.1653640504926443,0.05265433933060113,1.4458777870731548e-15,9.980532272259939e-15,20.26388626098633,-22305.1705078125,0.0003634425811469555,4491.49169921875
387,True,255,255,213,86.36417484283447,13.65735765811798,2.5270788839293346e-08,1.8894319430221857e-08,7746.373352050781,5032.104296875,6.449808597564697,4620.02490234375
388,True,611,611,171,222.3819206237793,62.64774702554178,0.003922542242798954,0.0013881017805457067,19533.037890625,-17717.640625,43.83342742919922,5195.333984375
389,True,442,442,448,132.13321113586426,21.482229582452256,2.819515034439698e-20,1.2890280406975214e-20,7955.134814453125,24384.638671875,13.181373596191406,3766.7705078125
390,True,721,721,71,375.1091033935547,87.38851427601332,-1.751090614198793e-11,1.2075030223802207e-11,22242.4408203125,9263.5333984375,276.3958740234375,6723.3671875
391,True,105,105,383,3.2272958755493164,1.1746804216344,-7.850326376506118e-14,6.556160949060923e-14,212.03445434570312,24195.3431640625,0.020911848172545433,4290.83984375
392,True,914,914,573,217.1223472595215,35.84943545121297,5.030897212709995e-10,8.024681783697312e-10,23647.6236328125,25011.94873046875,88.20320129394531,4800.1181640625
393,True,357,357,151,25.9773157119751,5.076801741291852,3.787739797189715e-05,1.6672799149844057e-05,4181.395751953125,-12797.156640625,1.8372912406921387,4845.85595703125
394,True,75,75,76,0.4776307543739676,0.16405735143763367,4.3400503776753887e-17,1.802337503640821e-16,36.89958457946777,-25931.07607421875,0.00013445038348436356,7872.14453125
395,True,381,381,383,174.831547164917,40.12365861518679,-4.571264566877175e-09,8.488779405459683e-09,31461.815234375,83401.39345703126,170.94076538085938,7964.794921875
396,True,940,940,325,3.419928194582462,0.6183532654442713,2.3076501918118526e-14,3.478607659182648e-14,304.7500961303711,-2290.258203125,0.007043767254799604,5299.076171875
397,True,474,474,588,19.21884078979492,4.049817031098936,0.00023779701386956732,0.00011564777191061778,7841.273522949219,7530.249609375,0.9172464609146118,1611.6861572265625
398,True,842,842,752,129.04270458221436,19.31503929918688,-3.9161529401254834e-11,2.1777240864785556e-11,18861.775390625,-56.36015625,19.790630340576172,6382.19140625
399,True,809,809,938,100.5042652130127,18.606797812198387,-1.4196646158995408e-11,1.6822936691252415e-11,4372.050805664063,-14857.1271484375,10.953964233398438,3232.815185546875
400,True,597,597,474,4.970747768878937,1.040477825378589,-5.4520238641780773e-14,4.7845600156526446e-14,283.3998565673828,9286.491796875,0.007840108126401901,3927.18212890625
401,True,881,881,579,18.568579617142678,9.534247414960134,0.0005250273487035883,0.00017931185078922074,891.3998657226563,9705.74453125,0.38690024614334106,3885.1083984375
402,True,524,524,787,4.687265682220459,1.3636216629315934,3.2629292832098145e-06,1.9770573555143016e-06,-330.3921142578125,4194.49296875,2.4794623851776123,2130.295654296875
403,True,146,146,99,39.11678304672241,12.43727376499037,3.157000353914974e-08,2.7376210121377344e-08,3183.0513549804687,35616.784375,1.0987719297409058,5162.7451171875
404,True,564,564,313,102.71644706726075,27.14349702844486,9.21235667306064e-08,2.328644919298141e-07,5654.337915039063,-27254.93486328125,3.1270856857299805,6385.4521484375
405,True,401,401,756,7.559981656074524,1.609404978458148,0.003054882755532162,0.0009429424749907184,495.071484375,-21317.847265625,0.025145359337329865,2732.72021484375
406,True,386,386,101,13.34384045600891,6.505740269395387,0.012015046855958644,0.004173400826045539,884.368017578125,-14206.576220703126,0.4416457712650299,1224.9012451171875
407,True,945,945,926,11.60092089176178,4.4673244772683995,0.002642277218546951,0.0007065040241663386,2819.914404296875,-2571.4375,0.3399069011211395,1918.225341796875
408,True,96,96,93,1.237674105912447,0.4673565277528869,1.4158356709259578e-10,3.1672344624221963e-10,65.36733322143554,-23354.1689453125,0.004880465101450682,2555.35009765625
409,True,87,87,93,0.9811501786112785,0.22507997513006658,4.0730071659139664e-12,7.638447271651208e-12,72.39430961608886,-1668.2673828125,0.0003355165245011449,6031.576171875
410,True,254,254,242,0.5992354452610016,0.14459789755406113,-1.0247961597542598e-06,9.862742068316968e-07,72.87089042663574,-12366.5033203125,0.0009242161177098751,3448.96533203125
411,True,957,957,849,0.007828607520787045,0.00286931951276166,6.134826869015342e-05,2.2780241308586803e-05,1.685711634159088,-14698.26337890625,2.4245713348136633e-07,2443.89697265625
412,True,2,2,159,58.629678630828856,20.421431574716614,0.3731523558497429,0.1452241053191228,3684.2904052734375,30580.475390625,1.775707721710205,3117.673828125
413,True,992,992,947,2.1237041532993315,0.6070201680782831,0.8381334930658341,0.26660288518053643,302.17572021484375,3426.5083984375,0.16876403987407684,286.8470153808594
414,True,194,194,266,245.0588821411133,78.46574552235293,0.6277753073722124,0.2340044441409199,22190.9865234375,-35618.345703125,69.3031997680664,2907.4775390625
415,True,244,244,237,12.492014491558075,4.029725591012033,0.03509860326303169,0.008788719125583986,1253.2541076660157,33960.38984375,0.1181187704205513,7631.48779296875
416,True,384,384,367,346.63665161132815,61.49632630967837,-2.249814982750731e-12,1.1260717406093284e-11,23177.7806640625,-48460.29560546875,298.9425354003906,5062.6171875
417,True,918,918,850,69.903972530365,21.05516442265237,-2.7795263784829645e-13,5.275133816859851e-13,3451.566931152344,20430.001171875,2.3022537231445312,4411.77197265625
418,True,289,289,288,0.7050741292536259,0.23575347688922912,0.008546469424618407,0.003093104355200524,114.09861259460449,15593.274169921875,0.00247503025457263,1092.0469970703125
419,True,277,277,180,36.39776248931885,5.211558739722537,0.051917798235081136,0.02326758289962481,14282.3228515625,11295.964453125,7.1763014793396,1698.0592041015625
420,True,568,568,879,76.32605094909668,8.820874945105016,1.2209791509544644e-15,7.012253613830907e-16,14753.88203125,-29467.9953125,16.59992027282715,2597.15966796875
421,True,889,889,558,136.27936096191405,51.05439643512447,9.067608858215336e-10,1.441001995010472e-09,53389.1400390625,20518.2802734375,76.60050201416016,3987.67578125
422,True,470,470,620,263.77946319580076,69.0289195152575,0.3594495745841414,0.12988626696770417,6819.666015625,14155.666015625,41.815853118896484,12730.7265625
423,True,129,129,130,0.503704983368516,0.1393208844223299,6.692430574994912e-10,4.241029008017379e-10,18.854838180541993,-28758.088671875,0.000621116254478693,1442.950927734375
424,True,437,437,538,30.69436936378479,11.395160486155241,8.571273556299275e-05,7.00897715114752e-05,3265.8801513671874,9623.2755859375,1.4062050580978394,2441.4326171875
425,True,209,209,254,22.76605486869812,5.782198888239416,-2.9562626652213096e-12,1.688981100680837e-11,989.8883651733398,-20421.222265625,0.1181270182132721,5156.48779296875
426,True,605,605,700,2.65314082801342,0.5875366276594584,4.036758818477392,1.6441844494888576,238.16098136901854,-21244.7177734375,0.003331162501126528,7895.2646484375
427,True,541,541,828,12.287756180763244,2.850673379911215,7.106044535830253e-26,3.675148634232805e-26,906.7199035644531,-43159.4166015625,0.5293847918510437,3545.72216796875
428,True,552,552,784,19.804884672164917,6.077671848123429,1.2436945695526448e-09,1.26787767988904e-08,1131.1786254882813,28131.3349609375,0.11343158036470413,6061.2783203125
429,True,672,672,391,1.2402652621269226,0.2932181094553629,0.03278532622207422,0.015546233038702785,152.226220703125,34844.27890625,0.0015364621067419648,9363.53125
430,True,438,438,685,777.8946960449218,88.67398401524864,8.223804207063701e-11,1.3165796442336614e-10,21963.5818359375,-1290.8232421875,343.30157470703125,4834.85009765625
431,True,555,555,864,0.41663525626063347,0.16446615044895282,2.998333927806129e-08,2.779134381671567e-08,97.4965633392334,-6589.9546875,0.00046367276809178293,570.022216796875
432,True,997,997,992,35.855754661560056,8.204902172910675,8.935420441957831e-05,3.992135343239641e-05,14333.910778808593,-13824.6373046875,19.910900115966797,1218.550537109375
433,True,946,946,324,23.471925854682922,7.25643744218719,2.455127401379542e-09,3.99918831959174e-09,1073.0707763671876,-22324.974609375,0.751875102519989,1912.6392822265625
434,True,950,950,113,7.019816958904267,1.182634587797473,1.5255470497965717e-11,3.477079995839516e-10,881.3117919921875,-20213.8353515625,0.03325512260198593,7578.3984375
435,True,388,388,51,75.53861207962036,20.161223131204274,5.1210968483855696e-30,8.715816593031889e-30,2934.443737792969,12152.860546875,4.519294738769531,8651.5537109375
436,True,616,616,359,1.4493649780750275,0.3320316445249586,2.3856879338622092,1.2545080343433803,83.56845245361328,-7767.408203125,0.00023596704704687,16093.853515625
437,True,579,579,469,110.26608605384827,46.114015234624475,-3.696061555771845e-12,1.344041227578993e-12,5523.263745117188,-333.292578125,1.000753402709961,8699.8701171875
438,True,297,297,106,0.1683667276520282,0.07083751545486319,2.8489441925363956e-12,4.248577483128291e-12,7.027423954010009,23892.2435546875,2.1334462871891446e-05,5431.62255859375
439,True,630,630,597,690.8415267944335,141.5305555257775,7.972152789303965e-09,1.1073381685460704e-08,17056.4576171875,-1068.24609375,133.55862426757812,4756.27978515625
440,True,100,100,53,0.7537293687462807,0.18616058960421364,2.421687181595189e-05,1.939759698372983e-05,80.2450340270996,-51279.499609375,0.001203265623189509,3336.79443359375
441,True,212,212,171,150.548482131958,22.69462950627522,0.0013252980763354572,0.0004339254212351962,38497.15703125,8544.24296875,42.39881134033203,4991.65966796875
442,True,510,510,554,2.540898385643959,0.6334065080304501,1.632725829536774e-11,8.817855060287817e-12,237.44335708618163,-22863.7611328125,0.013721035793423653,7006.3505859375
443,True,83,83,298,126.06446418762206,31.198483226754778,1.013999353898129e-15,7.101282850741302e-16,7912.8359375,-25160.7015625,7.658530235290527,5959.83642578125
444,True,516,516,695,76.45927505493164,9.090144913422707,-3.8059967122361373e-10,6.209652918149183e-10,4719.269189453125,-14627.7908203125,3.532484769821167,7017.16259765625
445,True,243,243,171,129.45379791259765,25.54826558728785,2.1021308953095284e-06,3.012604064436081e-06,7254.666796875,33776.236328125,60.73688507080078,5908.796875
446,True,444,444,428,1.6352362349629401,0.5443036712508008,-2.8327193258984636e-14,1.1327284536516809e-13,125.60148620605469,4941.8720703125,0.003945708274841309,3100.33642578125
447,True,354,354,791,86.58644828796386,27.902479938851766,1.1385585790141261e-11,2.490104149844009e-11,11217.8541015625,-6528.9236328125,2.049522876739502,8626.1083984375
448,True,512,512,587,21.39744703769684,7.713769200424506,-5.774205601483118e-06,9.238064575420666e-06,2261.5513549804687,-20889.415234375,0.33877456188201904,3274.93994140625
449,True,529,529,999,213.34910202026367,45.33381150601561,0.009853862204181496,0.006004539160018347,14564.296484375,37300.8125,18.813392639160156,11579.3408203125
450,True,933,933,934,1.1732009755913169,0.4670448650561856,7.703060893593516e-08,4.455463236325336e-08,67.48688468933105,-28586.402734375,0.0004770138766616583,1035.9852294921875
451,True,762,762,532,11.004202705621719,4.883607913245153,3.9131364140132516e-07,1.7635380704010456e-07,1586.8758850097656,13035.354296875,0.3973544239997864,1360.9249267578125
452,True,494,494,427,92.27997398376465,15.353790271956855,-4.849680851348737e-09,3.785822949144109e-09,6804.72314453125,-49010.4921875,12.544954299926758,5288.251953125
453,True,16,16,93,218.88185195922853,46.04704096283702,2.18097315762833e-09,1.6553648591690105e-09,12820.4931640625,44472.891015625,12.306571960449219,5190.8828125
454,True,31,31,47,207.5746696472168,77.12340176456323,2.359966840868253e-13,1.7997392615599034e-13,30647.55244140625,-365.56171875,20.15465545654297,3801.96435546875
455,True,372,372,106,41.16130971908569,9.29269721175815,6.151503832444087e-19,2.8122141309591556e-18,4963.12177734375,-3646.5033203125,1.0081045627593994,3716.3974609375
456,True,517,517,579,40.64187798500061,10.614664322107656,-2.7958433138075556e-11,6.43731218001756e-11,5690.529858398438,1677.167578125,1.4356011152267456,3654.066162109375
457,True,123,123,288,12.073762989044189,2.4355180325661885,0.31891695666126907,0.1148727055099158,1005.35009765625,-687.8626953125,0.05844895541667938,4978.2685546875
458,True,532,532,765,0.9223947569727897,0.29357493051349887,2.170644577709907e-14,1.8789505172340893e-13,83.35915794372559,-12826.80927734375,0.0005770629504695535,1410.7716064453125
459,True,805,805,469,240.57389030456542,97.07616214926595,1.9977343945765114e-10,2.0862190814610774e-10,20835.45693359375,40579.065625,28.914745330810547,5816.34765625
460,True,709,709,845,640.5537826538086,117.39593035294516,7.678284633675031e-14,2.9883434678228005e-14,35220.39541015625,1198.20390625,99.71141052246094,4468.7919921875
461,True,177,177,342,44.09986548423767,12.551453404153389,6.419427602365613,2.3837896923552826,5371.2453125,-19405.244140625,3.7322678565979004,8578.994140625
462,True,372,372,375,1.2926428496837616,0.5167158429140842,-1.551284791069993e-18,1.6312048019723953e-17,199.18221130371094,-6098.74453125,0.0014271348481997848,3856.327392578125
463,True,348,348,66,8.384477078914642,2.3115059358278427,9.645423996448518,3.77614175250411,1158.3942138671875,24533.187109375,0.08834950625896454,2866.33642578125
464,True,87,87,88,0.19199325777590276,0.039026012605647496,1.4590909869216517e-10,1.0853093846863506e-10,7.935351365804673,60574.2875,1.352051185676828e-05,3810.541748046875
465,True,833,833,758,135.68856410980226,51.17319862811058,1.6381721384950681e-15,4.152748223290505e-15,16025.296801757813,-10963.182421875,8.662651062011719,5201.390625
466,True,234,234,219,3.1876453697681426,0.8133727629270202,-8.508357396408428e-08,2.1100390439116558e-07,198.0814338684082,34797.86484375,0.009854881092905998,6505.388671875
467,True,126,126,317,450.8092041015625,178.9001273887712,-6.0301053053990475e-06,2.277851212485953e-05,28966.219189453124,-17635.4640625,324.8138732910156,3120.09521484375
468,True,156,156,218,47.41634941101074,9.554891893958175,10.331642380356788,2.8417625655150553,3807.562854003906,-2295.8599609375,2.3112266063690186,1708.08447265625
469,True,949,949,927,39.0360023021698,10.269673385919056,-1.2912147417759648e-16,1.1508452017130687e-15,8949.6103515625,27785.29013671875,16.29664421081543,2302.04736328125
470,True,166,166,162,50.82539167404175,11.677208471088116,0.010141127440147103,0.00444114713360738,8243.86513671875,-16835.8279296875,4.8751068115234375,474.2456970214844
471,True,305,305,58,60.43230047225952,13.29360713737889,-4.488116345235938e-09,1.0911507753150696e-08,7019.391259765625,-14439.5673828125,4.469527721405029,5093.4384765625
472,True,466,466,882,0.00017158600894617848,3.690041429321351e-05,6.066041387253751e-09,2.3909316166749167e-09,0.02253487017005682,-24010.51328125,2.0032770581268622e-11,4651.05078125
473,True,421,421,881,22.84276385307312,5.743253600031792,24.776006785035133,12.290941955082165,4554.989163208008,55073.326953125,0.429787278175354,4520.490234375
474,True,662,662,767,318.43815689086915,69.49900954637125,1.0825769100608618e-10,3.813844985025911e-11,5733.76533203125,-44394.9015625,34.99871063232422,4867.00244140625
475,True,41,41,26,55.0781152009964,14.514522003507613,0.04227271000854671,0.008039253679509186,7525.94755859375,-8601.5169921875,15.07090950012207,1266.18603515625
476,True,206,206,375,705.7118545532227,224.96906373317822,1.9265032278781293e-06,2.3456247700014864e-06,23196.434423828126,2504.9125,1179.361083984375,13586.619140625
477,True,204,204,152,50.20258979797363,11.701810096538042,0.017617125445394777,0.005418388931914767,3576.8931640625,7150.8732421875,6.760622978210449,4429.86962890625
478,True,928,928,415,169.22112426757812,33.12372062648133,1.0402322669911258e-09,2.3506687586176823e-09,20408.331640625,-36473.73125,64.98300170898438,1926.56884765625
479,True,131,131,136,1.5744880080223083,0.611276938415591,4.460943254704509e-13,4.2679469138657735e-13,65.13464813232422,-33432.62578125,0.0051723080687224865,2203.536376953125
480,True,661,661,717,0.7383796006441117,0.09502052475487098,-3.994882251845411e-06,4.111914995548137e-06,126.57417793273926,5353.92900390625,0.0014218548312783241,1148.546142578125
481,True,564,564,583,1.5437325477600097,0.5022456104141769,2.390529145263222e-19,1.2835920528770542e-19,39.63742055892944,17895.255078125,0.0010266780154779553,5266.849609375
482,True,472,472,813,7.366279900074005,2.103338227477398,2.896839646382432e-07,2.5399972107486524e-07,-488.35903015136716,-51358.600390625,0.432378888130188,2146.822509765625
483,True,348,348,164,0.3025639792904258,0.08158416849224218,-1.9826664751166135e-12,7.486576905406768e-13,134.59185180664062,-29009.17265625,0.0008579663117416203,5351.0068359375
484,True,88,88,90,0.528529017418623,0.18032680622842134,4.840640488814642e-14,6.816126604724832e-14,60.54337825775146,7365.828125,0.00017353064322378486,1830.936767578125
485,True,450,450,481,3.6363169312477113,0.5284837943007631,-1.6961202407850262e-10,7.15767766857436e-10,519.2002685546875,33346.278125,0.013507667928934097,3206.734375
486,True,436,436,609,62.54319896697998,11.65484293538371,6.313261437067286e-13,1.2366218429373307e-12,2258.475830078125,-26174.4462890625,2.2915666103363037,1480.564453125
487,True,867,867,660,30.042155170440672,6.216452922181455,2.954865499305015e-06,1.430509369898517e-06,8281.699267578126,13071.9015625,1.707777500152588,828.6130981445312
488,True,741,741,824,0.03412135059479624,0.009530214175923266,0.00039423958860425047,9.073316416807272e-05,13.291038513183594,-16927.52578125,2.812648062899825e-06,493.77960205078125
489,True,44,44,488,141.30433044433593,40.358572775222534,-1.1533816559605726e-07,7.68648179304372e-08,41222.174609375,13865.00078125,114.84381103515625,1827.5068359375
490,True,674,674,266,54.90532054901123,13.249252925117426,138.34285974502563,39.580537931121384,3807.1894592285157,51111.751953125,1.5946484804153442,8055.89404296875
491,True,953,953,955,147.20729484558106,52.23296286034624,3.0628959740964564e-23,4.670364173735626e-23,37237.08466796875,-12013.734765625,22.855907440185547,4028.041015625
492,True,373,373,388,160.22310390472413,34.966141052696926,5.016786411207036e-16,4.3758292731905806e-16,8089.88359375,52882.748046875,53.32344436645508,6590.7080078125
493,True,595,595,721,43.87154631614685,13.531452507324136,0.0014127843627647963,0.0005484789518708648,2135.247998046875,-17723.08251953125,2.400336742401123,2311.55224609375
494,True,350,350,363,79.73267760276795,15.02477687076388,2.7335444990726348e-24,1.6757511207646592e-24,3265.14189453125,-15250.24453125,1.4779402017593384,7807.56640625
495,True,294,294,341,1.0258597008883954,0.3240295213651948,-4.862285418738566e-09,4.02182658916098e-09,33.97335357666016,23732.4015625,0.0016387118957936764,6840.67529296875
496,True,879,879,723,0.1278567176312208,0.022318494945254033,-9.579070392798373e-14,1.4293043733481158e-12,30.092068338394164,-5042.19453125,3.6491899663815275e-05,2169.724609375
497,True,979,979,525,14.096339631080628,2.630551811986285,1.6353767094961017e-19,1.4735428567181284e-19,1445.4733764648438,-23218.76015625,0.11693371832370758,3749.660400390625
498,True,106,106,385,4.574049425125122,0.6606310555430438,0.35232725739479065,0.11960662592570781,363.02398071289065,26712.3970703125,0.01899532973766327,8321.177734375
499,True,208,208,163,88.7095832824707,22.61323081626985,4.203767156596427e-09,8.218708583987698e-09,5571.532006835938,11456.115625,4.94856071472168,3121.014892578125
